{
  "name": "kafka-docker-playground",
  "build": {
    "dockerfile": "Dockerfile"
  },
  "settings": {
    "terminal.integrated.defaultProfile.linux": "zsh",
    "terminal.integrated.profiles.linux": {
      "bash": {
        "path": "bash",
        "icon": "terminal-bash"
      },
      "zsh": {
        "path": "zsh"
      }
    }
  },
  "remoteEnv": {
    "PATH": "${containerEnv:PATH}:/workspaces/kafka-docker-playground/scripts/cli",
    "C3_PORT": "9023"
  },
  "forwardPorts": [9023],
  "features": {
      "ghcr.io/devcontainers/features/docker-in-docker:2": {},
      "ghcr.io/mikaello/devcontainer-features/modern-shell-utils:1": {},
      "ghcr.io/devcontainers-contrib/features/fzf:1": {},
      "ghcr.io/devcontainers-contrib/features/starship:1": {},
      "ghcr.io/devcontainers/features/java:1": {
          "version": "none",
          "installGradle": "false",
          "installMaven": "true"
      }
  }
}